cpus,n_samples,memory,elapsed_time,accuracy
1,512000000,5859.375000,17.994717,-0.002895
2,512000000,5859.375000,9.767578,0.000678
4,512000000,5859.375000,5.239841,0.000382
8,512000000,5859.375000,3.173142,-0.001908
16,512000000,5859.375000,2.932208,0.003695
