cpus,n_samples,memory,elapsed_time,accuracy
1,1000000,11.444092,0.026885,0.023324
1,2000000,22.888184,0.052794,-0.042757
1,4000000,45.776367,0.105419,-0.006947
1,8000000,91.552734,0.212540,0.006406
1,16000000,183.105469,0.452814,-0.027606
1,32000000,366.210938,0.926421,0.001874
1,64000000,732.421875,1.852255,-0.009818
1,128000000,1464.843750,4.129646,-0.004692
1,256000000,2929.687500,8.749943,0.001671
1,512000000,5859.375000,17.667072,0.001121
